,subscribed
24060,No
24064,Yes
24077,Yes
24080,Yes
24127,No
24151,No
24160,Yes
24165,No
24170,No
24184,No
24186,No
24187,No
24189,No
24198,No
24203,No
24207,No
24208,No
24230,No
24236,No
24239,No
24250,No
24253,No
24254,No
24257,No
24264,No
24266,No
24299,No
24311,No
24312,No
24315,No
24323,No
24326,No
24327,No
24331,No
24343,No
24346,No
24350,No
24353,No
24358,No
24359,No
24364,No
24366,No
24395,No
24402,No
24405,No
24411,No
24412,No
24415,No
24416,No
24421,No
24422,No
24425,Yes
24426,No
24429,No
24435,No
24450,No
24461,No
24469,No
24473,No
24475,No
24486,No
24489,No
24490,No
24492,No
24494,No
24502,No
24510,No
24517,No
24520,No
24531,No
24535,No
24536,No
24545,No
24553,No
24556,No
24560,No
24566,No
24567,No
24570,No
24573,No
24574,No
24578,No
24580,No
24583,No
24588,No
24589,No
24590,No
24591,No
24592,No
24606,No
24609,No
24610,No
24611,No
24616,No
24618,No
24622,Yes
24623,No
24626,No
24627,No
24629,No
24632,No
24633,No
24637,No
24638,No
24649,No
24658,No
24662,No
24665,No
24672,No
24675,No
24676,No
24684,No
24686,No
24696,No
24697,No
24698,No
24699,Yes
24701,No
24702,No
24703,No
24709,Yes
24714,No
24721,No
24729,No
24737,No
24739,No
24752,No
24753,No
24756,No
24758,No
24761,No
24765,No
24776,No
24779,No
24786,No
24795,No
24802,No
24838,No
24843,No
24844,No
24850,No
24851,No
24858,No
24859,No
24863,No
24864,No
24866,No
24867,No
24869,No
24871,No
24872,No
24876,No
24878,No
24884,No
24897,No
24898,No
24900,No
24901,No
24902,No
24909,No
24911,No
24915,No
24917,No
24918,No
24919,No
24923,No
24927,No
24940,No
24941,No
24947,No
24954,No
24955,No
24959,No
24960,No
24961,No
24969,No
24970,No
24982,No
24985,No
24986,No
24987,No
24992,No
24999,No
25004,No
25013,No
25014,No
25022,No
25024,No
25029,No
25036,No
25044,No
25047,No
25050,No
25058,No
25060,No
25068,No
25071,No
25072,No
25073,No
25078,No
25085,No
25095,No
25096,No
25112,No
25118,No
25120,No
25122,No
25126,No
25129,No
25132,No
25136,No
25146,No
25148,No
25151,No
25153,No
25157,No
25165,No
25175,No
25177,No
25181,No
25187,No
25199,No
25203,No
25207,No
25213,No
25224,No
25228,No
25229,No
25230,No
25233,No
25238,No
25239,No
25245,No
25250,No
25256,No
25260,No
25273,No
25274,No
25278,No
25279,No
25282,No
25284,No
25285,No
25288,No
25292,No
25297,No
25304,No
25305,No
25308,No
25314,No
25327,No
25333,No
25336,No
25337,No
25347,No
25351,No
25353,No
25357,No
25359,No
25364,No
25365,No
25367,No
25369,No
25377,No
25378,No
25380,No
25382,No
25383,No
25384,No
25387,No
25392,No
25393,No
25401,No
25404,No
25408,No
25409,No
25410,No
25414,No
25415,No
25420,No
25422,No
25424,No
25442,No
25448,No
25454,No
25461,No
25462,No
25466,No
25477,No
25478,No
25479,No
25482,No
25485,No
25486,No
25489,No
25490,No
25491,No
25494,No
25502,No
25503,No
25504,No
25510,No
25513,No
25525,No
25530,No
25534,No
25535,No
25536,No
25537,No
25540,No
25542,No
25544,No
25552,No
25555,Yes
25568,No
25569,No
25573,No
25579,No
25581,No
25587,No
25594,No
25595,No
25604,No
25617,No
25618,No
25620,No
25623,No
25627,Yes
25636,No
25637,No
25657,No
25675,No
25676,No
25678,No
25689,No
25698,No
25699,No
25700,No
25706,No
25716,No
25717,No
25721,No
25728,No
25741,No
25745,No
25749,No
25750,No
25752,No
25754,No
25755,No
25758,No
25759,No
25765,No
25766,No
25777,No
25781,No
25782,No
25785,No
25787,No
25790,No
25812,No
25814,No
25816,No
25817,No
25829,No
25834,No
25839,No
25840,No
25842,No
25845,Yes
25846,No
25856,No
25858,No
25867,No
25868,No
25870,No
25879,No
25889,No
25898,No
25905,No
25912,No
25919,No
25926,No
25931,No
25933,No
25937,No
25941,No
25945,No
25946,No
25947,No
25949,No
25950,No
25958,No
25962,No
25964,No
25968,No
25973,No
25986,No
25989,No
26006,No
26011,No
26014,No
26015,Yes
26020,No
26027,No
26030,No
26035,No
26043,No
26047,No
26050,No
26051,No
26055,No
26057,No
26058,No
26060,No
26069,No
26073,No
26077,No
26082,No
26096,No
26100,Yes
26102,No
26108,No
26112,No
26117,No
26127,No
26132,No
26144,No
26149,No
26152,No
26155,No
26169,No
26170,No
26176,No
26190,No
26192,Yes
26194,No
26196,No
26202,No
26205,No
26206,No
26213,No
26215,No
26230,No
26234,No
26237,No
26238,No
26242,No
26248,No
26257,No
26261,No
26264,No
26267,No
26269,No
26282,No
26291,No
26295,No
26297,No
26310,No
26321,No
26325,No
26331,No
26338,No
26353,No
26362,No
26366,Yes
26368,No
26369,No
26385,No
26389,No
26390,No
26394,No
26398,No
26400,No
26403,No
26404,No
26405,No
26410,No
26419,No
26427,No
26434,Yes
26435,No
26442,No
26445,No
26447,No
26450,No
26453,No
26454,No
26463,No
26468,No
26478,No
26485,No
26488,No
26498,No
26511,No
26514,No
26516,No
26517,No
26519,No
26534,No
26539,No
26545,No
26554,No
26557,No
26560,No
26565,Yes
26568,No
26576,No
26578,No
26580,Yes
26592,No
26606,No
26610,No
26614,No
26617,No
26618,No
26631,No
26649,No
26656,No
26657,No
26664,No
26666,No
26667,No
26671,No
26672,No
26687,No
26696,No
26703,No
26704,No
26705,No
26706,No
26715,No
26718,No
26721,No
26726,No
26733,No
26737,No
26744,No
26759,No
26765,No
26772,No
26783,No
26790,No
26799,No
26812,No
26815,No
26826,Yes
26827,No
26833,No
26834,No
26835,No
26840,No
26844,No
26853,No
26865,No
26866,No
26868,No
26873,No
26890,No
26898,No
26903,No
26907,No
26909,No
26912,No
26914,No
26921,No
26922,No
26926,Yes
26928,No
26939,No
26943,No
26944,No
26955,No
26956,No
26961,Yes
26970,No
26971,No
26972,No
26979,No
26983,No
26986,No
26993,No
26997,Yes
27003,No
27006,No
27013,No
27020,No
27024,Yes
27029,No
27030,No
27047,No
27062,No
27075,No
27080,No
27082,No
27083,No
27087,No
27088,Yes
27098,Yes
27127,No
27129,No
27132,No
27137,No
27146,No
27148,No
27149,No
27153,No
27161,No
27166,No
27167,No
27180,No
27183,No
27186,No
27190,No
27192,No
27198,No
27203,No
27218,No
27219,No
27220,No
27223,No
27231,No
27235,No
27244,No
27245,No
27251,No
27252,No
27255,No
27258,No
27262,No
27263,No
27270,No
27271,No
27273,No
27276,No
27277,No
27285,No
27289,No
27295,No
27300,No
27301,No
27304,No
27305,No
27309,No
27310,No
27311,No
27313,No
27327,No
27333,No
27335,No
27338,No
27361,No
27362,No
27365,No
27367,No
27374,No
27384,No
27388,No
27389,No
27397,No
27399,No
27406,No
27419,No
27425,No
27434,No
27439,No
27447,No
27448,No
27449,No
27454,No
27458,No
27460,No
27472,No
27476,No
27478,No
27484,No
27488,No
27493,No
27503,No
27506,No
27511,No
27519,No
27520,No
27536,No
27549,No
27552,No
27553,No
27557,No
27561,No
27568,No
27591,No
27592,No
27598,No
27605,No
27609,No
27614,No
27623,No
27626,No
27628,No
27631,No
27634,No
27638,No
27639,No
27649,No
27650,No
27651,No
27660,No
27668,No
27670,No
27671,No
27678,No
27688,No
27693,No
27695,No
27704,No
27711,No
27729,No
27730,No
27739,No
27740,No
27752,No
27755,No
27758,No
27773,No
27778,No
27780,No
27791,No
27792,No
27794,No
27801,No
27813,No
27818,No
27824,No
27830,No
27837,No
27839,No
27855,No
27864,No
27865,No
27874,No
27886,No
27887,No
27888,No
27891,No
27894,No
27897,No
27903,No
27904,No
27908,No
27909,No
27935,No
27958,No
27960,No
27967,No
27970,No
27974,No
27977,No
27982,No
27985,No
28007,No
28015,No
28024,No
28026,No
28034,No
28044,No
28048,No
28062,No
28063,No
28099,No
28124,No
28125,No
28130,No
28132,No
28137,No
28139,No
28140,No
28145,No
28149,No
28150,No
28152,No
28153,No
28158,No
28160,No
28162,No
28165,No
28166,No
28167,No
28170,No
28172,No
28173,No
28177,No
28179,No
28182,No
28183,No
28185,No
28186,No
28187,No
28188,No
28191,No
28193,No
28195,No
28205,No
28217,No
28219,No
28221,No
28222,No
28223,No
28224,No
28226,No
28228,No
28232,No
28236,No
28238,No
28240,No
28249,No
28250,No
28261,No
28262,No
28263,No
28265,No
28267,No
28271,No
28281,No
28282,No
28288,No
28289,No
28294,No
28305,No
28306,No
28308,No
28312,No
28315,No
28317,No
28321,No
28324,No
28325,No
28334,No
28335,No
28342,No
28345,No
28347,No
28348,No
28349,No
28359,No
28363,No
28366,No
28369,No
28371,No
28373,No
28376,No
28385,No
28391,No
28393,No
28395,No
28407,No
28408,No
28411,No
28412,No
28413,No
28414,No
28418,No
28428,No
28430,No
28431,No
28434,No
28435,No
28455,No
28475,No
28477,No
28479,No
28480,No
28488,No
28489,No
28490,No
28494,No
28497,No
28498,No
28499,No
28500,No
28502,No
28504,No
28508,No
28509,No
28517,No
28519,No
28522,No
28527,No
28529,No
28530,No
28533,No
28535,No
28536,No
28545,No
28550,No
28554,No
28555,No
28558,No
28563,No
28566,No
28574,No
28577,No
28584,No
28592,No
28603,No
28611,No
28614,No
28619,No
28621,No
28622,No
28623,No
28624,No
28628,No
28630,No
28634,No
28637,No
28639,No
28640,No
28642,No
28645,No
28666,No
28670,No
28674,No
28687,No
28699,No
28701,No
28703,No
28706,No
28707,No
28708,No
28709,No
28712,No
28718,No
28721,No
28729,No
28745,No
28759,No
28767,No
28780,No
28783,No
28801,No
28811,No
28812,No
28814,No
28822,No
28824,No
28825,No
28827,No
28835,No
28841,No
28859,No
28865,No
28869,No
28871,No
28873,No
28874,No
28885,No
28886,No
28889,No
28907,No
28925,No
28926,No
28929,No
28931,Yes
28936,No
28939,No
28943,No
28948,No
28956,No
28963,No
28967,No
28973,No
28975,No
28976,No
28979,No
28982,No
28987,No
28988,No
28991,No
28994,Yes
28998,No
29000,No
29001,No
29005,No
29012,No
29016,No
29031,No
29032,No
29033,No
29037,No
29038,No
29039,No
29040,No
29043,No
29045,No
29046,No
29047,No
29050,No
29052,No
29053,No
29058,No
29060,No
29065,No
29066,No
29067,No
29069,No
29071,No
29072,No
29073,No
29075,No
29076,No
29080,No
29085,No
29092,No
29095,No
29096,No
29099,No
29103,No
29114,No
29115,No
29116,No
29134,No
29135,No
29136,No
29143,No
29150,No
29153,No
29154,No
29156,No
29169,No
29178,No
29180,No
29181,No
29183,No
29184,No
29187,No
29188,No
29194,Yes
29196,No
29218,No
29227,No
29236,No
29247,No
29255,No
29256,No
29258,No
29260,No
29262,No
29264,No
29268,No
29275,No
29276,No
29278,No
29285,No
29288,Yes
29290,No
29292,No
29300,No
29304,No
29310,Yes
29311,No
29312,No
29315,No
29320,No
29321,No
29333,No
29346,No
29352,No
29365,No
29372,No
29373,No
29374,No
29376,Yes
29388,No
29394,No
29395,No
29400,No
29405,No
29409,No
29411,No
29412,No
29414,No
29419,No
29420,No
29436,No
29441,No
29444,No
29445,No
29446,No
29456,No
29457,No
29459,No
29460,No
29465,No
29470,No
29475,No
29476,No
29478,No
29479,No
29481,No
29494,No
29505,Yes
29506,No
29519,No
29531,No
29532,No
29534,No
29535,No
29537,No
29545,No
29548,No
29557,No
29564,No
29567,No
29574,No
29588,No
29589,No
29601,No
29604,No
29613,Yes
29617,No
29620,No
29622,No
29630,No
29637,No
29643,No
29652,No
29660,No
29661,No
29667,No
29670,No
29672,No
29674,No
29679,No
29687,No
29689,No
29693,No
29697,No
29705,No
29707,No
29711,No
29712,No
29715,No
29720,No
29724,No
29730,No
29738,No
29741,No
29744,No
29752,No
29762,No
29768,No
29769,No
29774,No
29775,No
29778,No
29779,No
29781,No
29782,Yes
29784,No
29803,No
29810,No
29812,No
29813,No
29818,No
29824,No
29833,No
29835,No
29843,No
29845,No
29847,No
29854,No
29867,No
29879,No
29881,No
29883,No
29889,No
29895,Yes
29903,No
29906,No
29909,No
29926,No
29927,No
29929,No
29932,No
29934,Yes
29942,No
29951,No
29960,No
29965,No
29969,No
29974,No
29977,No
29981,No
29989,No
29994,No
29999,No
30012,No
30015,No
30016,No
30017,No
30027,No
30030,No
30042,No
30050,No
30051,No
30055,No
30062,No
30073,No
30075,No
30081,No
30083,No
30095,No
30096,No
30098,No
30100,No
30104,No
30109,No
30110,No
30115,No
30123,No
30127,No
30130,No
30138,No
30145,No
30160,No
30170,No
30174,No
30180,No
30184,No
30198,No
30200,No
30201,No
30202,No
30204,No
30208,No
30212,No
30216,No
30217,No
30223,No
30227,No
30228,No
30235,No
30237,No
30242,No
30245,Yes
30259,No
30263,No
30273,No
30274,No
30276,No
30284,No
30300,Yes
30304,No
30317,No
30323,No
30333,No
30335,No
30341,No
30354,No
30389,No
30406,No
30409,No
30411,No
30416,No
30417,No
30421,No
30430,No
30433,No
30434,No
30441,No
30443,No
30445,No
30447,No
30451,No
30452,No
30455,No
30458,No
30468,No
30479,No
30484,No
30495,No
30499,No
30509,No
30515,No
30518,No
30521,No
30527,No
30544,No
30555,No
30556,No
30558,No
30559,No
30561,Yes
30571,No
30574,No
30581,No
30584,No
30599,No
30607,No
30608,No
30617,Yes
30620,No
30625,No
30631,No
30637,No
30645,No
30648,No
30662,No
30674,No
30678,No
30679,Yes
30681,No
30687,No
30691,No
30700,No
30704,No
30705,No
30710,No
30721,No
30723,No
30727,No
30731,No
30736,No
30737,No
30739,No
30744,No
30746,No
30748,No
30751,No
30763,No
30767,No
30769,No
30775,No
30783,No
30788,No
30789,No
30802,No
30819,No
30820,No
30830,No
30835,No
30842,No
30846,No
30848,No
30851,No
30852,No
30890,No
30898,No
30905,Yes
30915,No
30922,No
30924,No
30931,No
30935,No
30942,No
30944,No
30957,No
30958,No
30977,No
30985,No
30986,No
31006,Yes
31008,No
31011,No
31012,No
31014,Yes
31020,Yes
31033,No
31034,No
31036,No
31037,No
31042,No
31050,Yes
31056,No
31063,No
31065,Yes
31068,No
31078,Yes
31092,No
31098,No
31140,No
31159,No
31160,No
31168,No
31169,No
31171,No
31173,Yes
31186,No
31198,Yes
31204,No
31254,Yes
31264,Yes
31271,Yes
31281,Yes
31287,No
31288,No
31290,Yes
31300,No
31340,No
31342,No
31351,Yes
31364,Yes
31371,Yes
31413,Yes
31419,Yes
31435,No
31455,No
31459,No
31465,No
31466,No
31471,No
31479,No
31483,No
31485,No
31487,No
31489,No
31490,No
31503,No
31513,No
31517,No
31518,No
31520,No
31521,No
31525,No
31529,No
31532,No
31533,No
31535,No
31540,No
31544,No
31548,No
31549,No
31551,No
31555,No
31556,Yes
31557,No
31560,No
31561,No
31562,No
31563,No
31567,No
31568,No
31577,No
31581,No
31583,No
31584,No
31588,Yes
31592,No
31595,No
31599,No
31600,No
31601,No
31604,Yes
31608,No
31609,No
31612,No
31615,No
31617,No
31623,No
31625,No
31626,Yes
31633,No
31636,No
31638,No
31640,No
31646,No
31651,No
31652,No
31653,No
31659,No
31660,Yes
31662,Yes
31664,No
31667,No
31668,No
31669,No
31683,No
31685,No
31686,No
31687,No
31690,No
31694,No
31695,No
31703,No
31705,No
31710,No
31714,No
31715,No
31717,No
31720,No
31721,No
31725,No
31727,No
31728,No
31731,No
31732,No
31733,No
31735,No
31742,No
31743,No
31757,No
31762,No
31763,No
31773,No
31777,No
31778,No
31782,No
31783,No
31784,Yes
31786,No
31787,No
31789,Yes
31791,No
31793,No
31813,No
31815,No
31824,No
31827,No
31832,No
31836,No
31848,No
31850,Yes
31854,No
31859,No
31860,No
31861,No
31862,No
31867,No
31869,No
31871,Yes
31877,Yes
31878,No
31882,No
31885,No
31891,No
31892,No
31893,No
31898,No
31905,Yes
31907,No
31910,No
31911,No
31912,No
31913,No
31916,No
31925,No
31931,No
31932,No
31933,No
31935,No
31937,No
31942,No
31943,No
31944,No
31954,No
31955,Yes
31957,No
31961,No
31966,No
31967,No
31968,No
31969,No
31971,No
31973,No
31975,No
31976,No
31977,No
31982,No
31993,No
31999,No
32020,No
32021,No
32024,No
32026,No
32028,Yes
32030,No
32034,No
32037,Yes
32040,No
32042,No
32050,Yes
32053,No
32057,No
32070,No
32077,No
32078,No
32084,No
32097,No
32100,No
32104,No
32106,Yes
32111,Yes
32113,No
32114,Yes
32123,No
32125,No
32130,No
32134,No
32137,No
32138,No
32145,No
32147,No
32154,No
32158,No
32168,No
32171,No
32172,No
32175,No
32178,No
32179,Yes
32182,No
32187,No
32189,No
32190,No
32201,No
32203,No
32206,No
32207,No
32208,No
32210,No
32213,No
32214,No
32215,No
32218,No
32220,No
32221,No
32227,No
32229,No
32230,No
32234,No
32238,No
32240,No
32243,No
32245,No
32246,Yes
32247,No
32252,No
32256,No
32259,No
32261,No
32262,No
32263,No
32273,Yes
32277,No
32284,No
32287,No
32292,No
32293,No
32301,No
32302,No
32303,No
32310,No
32311,No
32315,No
32317,No
32322,No
32325,No
32327,No
32328,No
32337,No
32342,No
32345,No
32346,No
32347,No
32350,No
32365,No
32368,No
32369,No
32372,No
32375,No
32381,No
32382,No
32384,No
32386,No
32387,No
32391,Yes
32396,No
32397,No
32399,No
32403,No
32404,No
32405,No
32406,No
32416,No
32418,No
32419,No
32421,No
32422,No
32426,No
32435,No
32437,No
32440,No
32453,No
32455,No
32460,No
32462,Yes
32464,No
32466,No
32471,Yes
32477,No
32479,No
32480,No
32484,No
32485,No
32487,No
32488,No
32491,No
32498,No
32500,No
32501,No
32515,No
32521,No
32522,No
32523,No
32525,No
32526,No
32531,No
32533,No
32534,No
32537,No
32538,No
32540,No
32546,No
32548,No
32550,No
32555,No
32558,No
32559,No
32561,No
32565,No
32566,No
32568,No
32570,No
32572,No
32574,No
32575,No
32578,No
32579,No
32585,Yes
32586,No
32592,No
32593,No
32599,No
32602,No
32603,Yes
32604,No
32606,No
32608,No
32610,No
32611,No
32614,No
32617,No
32618,No
32628,No
32629,No
32638,No
32639,No
32642,No
32644,No
32645,No
32646,No
32647,No
32652,No
32653,No
32655,No
32658,No
32663,No
32668,No
32672,No
32675,No
32676,No
32679,Yes
32681,No
32682,No
32683,No
32684,No
32685,No
32687,Yes
32690,No
32691,No
32694,No
32696,No
32700,No
32706,No
32710,No
32714,No
32719,No
32720,No
32737,No
32739,No
32740,No
32747,No
32748,No
32750,No
32754,No
32759,Yes
32760,No
32761,No
32768,No
32770,Yes
32775,No
32786,No
32787,No
32789,No
32793,No
32798,No
32800,No
32801,No
32804,No
32806,No
32818,No
32820,No
32822,No
32823,No
32825,No
32826,No
32830,No
32832,No
32834,No
32836,No
32838,No
32844,No
32852,No
32853,No
32854,No
32856,No
32860,No
32865,Yes
32867,No
32873,No
32875,No
32876,No
32879,No
32882,No
32883,No
32886,No
32889,No
32895,No
32900,No
32901,No
32902,No
32903,No
32906,No
32909,No
32911,No
32919,No
32926,No
32929,No
32937,No
32939,No
32940,No
32941,No
32955,No
32956,No
32957,No
32963,No
32966,No
32967,No
32973,No
32974,No
32977,No
32980,No
32982,No
32985,No
32991,No
32992,No
32996,No
32997,No
33004,No
33009,No
33013,No
33015,No
33019,No
33021,No
33024,Yes
33027,No
33028,No
33032,No
33033,No
33034,No
33035,No
33037,No
33044,No
33047,No
33050,No
33055,No
33056,No
33061,No
33062,No
33068,No
33074,No
33084,No
33106,No
33113,No
33114,No
33126,No
33129,No
33131,No
33137,No
33138,No
33143,No
33144,No
33145,No
33149,No
33153,No
33155,No
33160,No
33170,No
33172,No
33175,No
33176,No
33182,No
33188,No
33200,No
33201,No
33206,No
33211,No
33218,No
33230,No
33231,No
33233,No
33236,No
33239,No
33241,No
33245,No
33249,No
33250,No
33258,No
33259,No
33260,No
33263,No
33266,No
33267,No
33268,No
33270,No
33277,No
33279,No
33280,No
33284,No
33285,No
33286,No
33287,No
33292,No
33294,No
33295,No
33299,No
33300,No
33301,No
33305,No
33306,No
33308,No
33309,No
33312,No
33315,No
33317,No
33319,No
33320,No
33321,No
33329,No
33341,No
33349,No
33350,No
33352,No
33357,No
33358,No
33359,No
33370,No
33373,No
33374,No
33376,No
33379,No
33381,No
33384,No
33387,No
33388,No
33393,Yes
33397,No
33402,No
33404,No
33405,No
33410,No
33412,No
33415,No
33420,No
33423,No
33425,No
33428,No
33433,No
33441,No
33442,No
33443,No
33449,No
33454,No
33464,No
33466,No
33467,No
33472,No
33473,No
33474,No
33478,No
33482,No
33483,No
33486,No
33489,No
33500,No
33502,No
33506,No
33512,Yes
33517,No
33519,No
33520,No
33521,No
33526,No
33531,No
33532,No
33538,No
33543,No
33553,No
33561,No
33567,No
33571,No
33572,No
33574,No
33579,No
33583,No
33585,No
33590,No
33591,No
33594,No
33597,No
33598,No
33599,No
33603,No
33606,No
33609,No
33611,No
33612,No
33618,No
33627,No
33633,No
33634,No
33640,No
33649,No
33650,No
33660,No
33673,No
33678,No
33682,No
33685,No
33716,Yes
33739,Yes
33742,Yes
33744,Yes
33748,Yes
33754,Yes
33758,No
33776,Yes
33798,Yes
33808,Yes
33809,Yes
33854,Yes
33857,No
33874,No
33876,Yes
33877,Yes
33879,Yes
33884,Yes
33888,No
33894,Yes
33897,Yes
33898,No
33904,No
33908,Yes
33911,Yes
33917,Yes
33920,Yes
33922,Yes
33926,No
33931,Yes
33932,No
33933,Yes
33941,No
33953,Yes
33956,No
33957,No
33961,Yes
33964,No
33965,Yes
33966,No
33968,Yes
33970,No
33974,Yes
33977,No
33978,No
33979,No
33985,Yes
33990,No
33991,No
33998,No
34003,Yes
34004,No
34007,Yes
34009,Yes
34011,Yes
34018,Yes
34022,No
34030,No
34035,Yes
34036,No
34039,No
34041,No
34047,Yes
34048,No
34051,Yes
34057,No
34064,Yes
34068,No
34072,No
34073,Yes
34074,No
34075,Yes
34078,No
34084,No
34095,Yes
34096,No
34097,Yes
34101,Yes
34107,Yes
34109,Yes
34110,No
34114,No
34126,No
34134,No
34138,No
34141,No
34144,No
34147,Yes
34160,Yes
34164,Yes
34165,Yes
34171,No
34176,Yes
34183,No
34188,No
34193,Yes
34196,Yes
34197,Yes
34198,No
34202,No
34206,No
34209,Yes
34210,Yes
34211,Yes
34212,No
34213,Yes
34220,Yes
34224,No
34226,No
34227,No
34229,No
34230,No
34232,No
34234,Yes
34237,No
34245,No
34246,Yes
34249,Yes
34251,No
34260,No
34264,No
34265,No
34268,No
34277,No
34278,No
34279,Yes
34282,No
34283,No
34291,Yes
34294,No
34300,No
34307,Yes
34309,No
34312,No
34314,No
34317,Yes
34319,No
34327,No
34331,No
34335,Yes
34342,No
34343,No
34346,Yes
34360,No
34363,No
34364,No
34366,Yes
34369,No
34373,No
34374,Yes
34376,No
34380,No
34382,No
34384,No
34391,Yes
34395,No
34397,Yes
34398,No
34405,No
34407,No
34408,No
34413,No
34415,No
34422,No
34424,No
34428,No
34430,No
34431,No
34436,No
34437,No
34439,No
34448,No
34451,No
34452,No
34453,No
34458,No
34464,No
34469,No
34470,No
34471,No
34472,No
34474,No
34475,Yes
34477,No
34478,No
34481,No
34484,No
34492,No
34498,No
34508,No
34520,No
34522,No
34524,No
34525,No
34528,No
34531,No
34534,No
34547,No
34550,No
34553,No
34558,No
34559,No
34560,No
34565,Yes
34567,No
34576,No
34581,No
34584,No
34585,No
34587,No
34595,No
34600,No
34602,No
34605,No
34608,No
34612,No
34615,No
34616,No
34619,No
34622,No
34623,No
34624,No
34627,No
34632,No
34639,No
34646,No
34647,No
34651,No
34653,No
34654,No
34658,No
34662,No
34664,No
34666,No
34670,Yes
34676,No
34677,No
34678,No
34679,No
34680,No
34682,No
34687,No
34690,No
34692,No
34694,No
34695,No
34696,No
34697,No
34706,No
34716,No
34719,No
34720,No
34722,No
34727,No
34728,No
34730,No
34733,No
34734,No
34737,No
34740,Yes
34741,No
34746,No
34748,No
34751,No
34752,No
34755,Yes
34756,No
34758,No
34767,No
34770,No
34774,No
34776,No
34779,No
34782,No
34787,No
34792,No
34794,Yes
34796,No
34797,No
34803,No
34806,No
34808,No
34809,No
34810,No
34813,No
34814,No
34821,No
34823,No
34825,No
34826,No
34828,No
34834,No
34835,Yes
34838,No
34839,No
34840,No
34844,No
34845,No
34854,No
34856,No
34857,No
34860,No
34871,No
34872,No
34873,No
34874,No
34880,No
34884,No
34886,No
34890,No
34891,No
34893,Yes
34899,No
34903,No
34909,No
34910,No
34912,No
34913,No
34915,No
34916,No
34919,No
34920,No
34921,Yes
34922,No
34923,No
34928,No
34933,No
34937,Yes
34945,Yes
34950,No
34952,No
34953,Yes
34955,No
34963,No
34964,No
34965,Yes
34972,No
34973,No
34981,No
34983,No
34985,No
34986,No
34987,No
34988,No
34989,No
34991,No
34994,No
34999,No
35000,No
35001,No
35005,No
35007,No
35010,Yes
35011,No
35015,No
35017,No
35018,No
35020,No
35021,No
35025,No
35027,No
35029,No
35035,No
35036,No
35037,No
35039,No
35040,No
35041,No
35042,No
35045,No
35049,No
35056,No
35057,Yes
35058,No
35060,No
35067,No
35069,No
35070,No
35074,No
35075,No
35076,No
35077,No
35079,No
35080,Yes
35082,No
35087,No
35089,No
35092,No
35098,No
35099,No
35100,No
35101,No
35113,Yes
35117,No
35121,No
35125,No
35126,No
35132,No
35136,No
35141,No
35150,No
35155,No
35156,No
35161,No
35164,No
35169,No
35171,No
35176,No
35177,No
35182,No
35183,No
35185,No
35190,No
35191,No
35192,Yes
35193,No
35195,No
35200,Yes
35202,No
35203,No
35204,No
35205,No
35213,No
35216,No
35220,No
35224,No
35230,Yes
35232,No
35233,No
35237,No
35240,No
35242,No
35247,No
35249,No
35250,No
35251,No
35252,No
35253,No
35257,No
35260,No
35261,No
35262,No
35266,No
35268,Yes
35270,No
35273,No
35275,No
35278,Yes
35280,No
35286,No
35287,No
35289,No
35290,No
35292,No
35298,No
35302,No
35304,No
35307,No
35310,No
35313,No
35316,No
35320,No
35322,No
35325,No
35328,No
35332,No
35333,No
35334,No
35335,No
35338,No
35340,No
35342,No
35345,No
35347,No
35348,No
35349,No
35350,No
35357,No
35365,No
35369,No
35376,No
35383,No
35384,No
35386,No
35397,No
35398,No
35407,No
35409,No
35411,No
35412,No
35413,No
35417,No
35419,No
35422,No
35427,No
35429,No
35435,No
35436,No
35440,No
35441,No
35443,No
35444,Yes
35445,No
35446,No
35447,Yes
35448,No
35451,No
35452,No
35453,No
35454,Yes
35456,No
35464,No
35466,No
35469,No
35470,No
35471,No
35472,No
35473,No
35474,No
35481,No
35483,No
35487,No
35491,No
35492,No
35505,No
35513,No
35514,No
35516,No
35518,No
35523,No
35525,No
35528,No
35529,No
35533,Yes
35534,No
35536,No
35541,No
35547,No
35551,No
35555,No
35556,No
35558,No
35560,No
35561,No
35566,Yes
35568,No
35569,No
35570,No
35572,No
35574,No
35587,No
35593,Yes
35601,No
35613,No
35618,No
35620,No
35623,No
35628,No
35629,No
35637,Yes
35638,No
35641,No
35642,No
35646,No
35653,No
35654,No
35661,No
35664,No
35671,No
35673,No
35674,No
35676,No
35682,No
35683,No
35690,No
35693,No
35695,No
35697,No
35702,No
35705,No
35707,No
35708,No
35712,No
35715,No
35716,No
35718,No
35719,No
35721,No
35723,No
35725,No
35726,No
35732,Yes
35735,No
35736,No
35742,No
35743,No
35744,No
35745,No
35750,No
35751,No
35756,No
35761,No
35763,No
35764,No
35767,No
35772,No
35774,No
35777,No
35782,No
35787,No
35788,No
35789,No
35790,No
35799,No
35803,No
35805,Yes
35809,No
35811,No
35813,No
35817,No
35824,No
35832,No
35833,No
35836,Yes
35838,No
35839,No
35840,No
35842,No
35856,No
35860,No
35862,No
35863,No
35864,No
35865,No
35867,No
35872,No
35873,No
35874,No
35883,No
35886,No
35887,No
35888,No
35889,No
35893,No
35895,No
35899,No
35903,No
35909,No
35912,No
35920,No
35921,No
35924,No
35926,No
35932,No
35934,No
35938,No
35941,No
35943,No
35944,No
35946,No
35947,No
35948,No
35949,No
35951,No
35953,No
35955,No
35957,Yes
35963,No
35964,No
35965,Yes
35967,No
35968,Yes
35973,No
35974,No
35976,No
35977,No
35980,No
35982,No
35983,No
35984,No
35986,No
35987,No
35988,No
35990,No
36001,No
36006,No
36007,No
36008,No
36016,No
36018,No
36024,No
36026,No
36029,No
36036,No
36037,No
36040,No
36045,No
36053,No
36055,No
36057,No
36061,No
36066,No
36067,No
36068,No
36072,No
36073,No
36079,No
36081,No
36083,No
36085,No
36086,No
36087,Yes
36089,No
36091,No
36093,No
36097,No
36098,No
36100,Yes
36108,No
36109,No
36110,Yes
36113,No
36114,No
36117,No
36119,No
36122,No
36123,No
36128,No
36129,No
36130,No
36131,No
36133,No
36134,No
36138,No
36145,No
36147,No
36148,No
36153,No
36159,No
36162,No
36164,No
36165,Yes
36170,No
36171,Yes
36172,No
36175,No
36177,No
36180,No
36181,No
36182,No
36185,No
36194,No
36195,No
36196,No
36198,No
36200,No
36203,No
36204,No
36205,No
36206,No
36209,No
36215,No
36219,No
36223,No
36226,No
36228,No
36231,No
36234,No
36236,No
36245,No
36248,No
36249,No
36254,No
36258,No
36259,No
36262,No
36263,No
36264,No
36268,No
36270,No
36273,No
36274,No
36275,No
36276,No
36280,No
36288,No
36289,No
36290,No
36291,No
36292,No
36297,Yes
36298,No
36302,No
36306,No
36308,No
36314,No
36317,No
36318,No
36322,No
36323,No
36325,No
36328,No
36330,No
36331,No
36339,No
36343,No
36344,No
36345,No
36346,No
36352,No
36355,No
36364,No
36366,No
36368,No
36372,No
36374,No
36375,No
36382,No
36385,No
36392,No
36394,No
36400,No
36402,No
36405,No
36406,No
36408,No
36411,No
36413,No
36417,No
36420,No
36426,No
36430,No
36436,No
36438,No
36440,No
36445,No
36449,No
36453,No
36455,No
36457,No
36460,No
36461,No
36476,No
36483,No
36486,No
36490,No
36499,No
36502,No
36503,No
36504,No
36505,No
36506,No
36507,No
36510,No
36511,No
36514,Yes
36517,No
36527,No
36534,No
36538,Yes
36539,No
36541,No
36542,No
36550,No
36551,No
36555,No
36556,No
36559,Yes
36560,No
36561,No
36562,Yes
36563,No
36566,No
36572,No
36580,No
36581,No
36584,No
36585,No
36589,No
36592,No
36602,No
36607,No
36614,No
36616,No
36618,No
36623,No
36627,No
36628,No
36631,No
36634,No
36639,No
36646,No
36647,No
36648,No
36650,No
36656,No
36657,No
36658,No
36663,No
36665,No
36668,No
36670,Yes
36671,No
36674,No
36676,No
36680,No
36685,No
36693,No
36695,No
36696,No
36698,No
36700,No
36701,No
36705,No
36708,No
36709,No
36714,Yes
36718,No
36720,No
36726,Yes
36728,No
36732,No
36733,No
36737,No
36738,No
36742,No
36744,No
36747,No
36750,No
36752,Yes
36753,No
36754,No
36756,Yes
36759,No
36760,No
36763,No
36771,No
36774,No
36775,No
36780,No
36784,No
36787,No
36788,No
36789,No
36790,No
36793,No
36795,No
36797,No
36800,No
36803,No
36807,No
36809,Yes
36812,No
36822,No
36827,No
36830,No
36831,No
36835,No
36836,No
36840,No
36846,No
36849,No
36850,No
36851,No
36852,No
36853,No
36854,No
36856,No
36868,No
36870,No
36874,No
36875,No
36882,No
36884,No
36887,No
36890,No
36891,No
36907,Yes
36909,No
36910,No
36913,No
36914,No
36915,No
36919,No
36920,No
36923,No
36926,No
36929,No
36933,No
36939,No
36942,No
36943,No
36948,No
36950,No
36952,No
36954,No
36955,No
36958,No
36964,No
36966,No
36967,No
36971,No
36974,Yes
36980,No
36983,No
36993,No
36994,No
36996,No
36998,No
36999,No
37005,No
37007,No
37008,No
37010,No
37013,No
37015,No
37016,No
37019,No
37020,Yes
37025,No
37027,No
37028,No
37029,No
37030,No
37032,No
37034,No
37037,No
37039,No
37042,No
37044,No
37045,No
37048,No
37050,No
37052,No
37056,No
37057,No
37063,No
37066,No
37067,No
37073,No
37074,No
37075,No
37079,No
37089,No
37100,No
37102,No
37104,No
37105,No
37111,No
37114,No
37117,Yes
37119,No
37122,No
37124,No
37125,No
37130,No
37131,No
37133,Yes
37137,No
37142,Yes
37143,No
37145,No
37146,No
37148,No
37151,No
37159,No
37160,No
37163,No
37165,No
37167,No
37170,No
37172,Yes
37173,No
37179,No
37180,No
37181,No
37183,No
37186,No
37188,No
37189,No
37191,No
37193,No
37196,No
37199,No
37200,No
37213,No
37218,No
37221,No
37223,No
37224,No
37226,No
37230,No
37233,No
37238,No
37245,No
37246,No
37247,Yes
37248,No
37251,No
37253,No
37254,No
37255,No
37256,No
37261,No
37266,No
37270,No
37273,No
37280,No
37282,No
37284,No
37285,No
37287,No
37292,No
37293,No
37296,No
37297,No
37299,No
37304,Yes
37308,No
37311,No
37317,No
37319,No
37320,No
37322,No
37327,No
37331,No
37332,No
37338,No
37340,No
37341,No
37346,No
37347,No
37355,No
37357,Yes
37358,No
37360,No
37361,No
37365,Yes
37366,No
37375,No
37376,No
37378,No
37379,No
37380,No
37385,No
37389,No
37392,No
37396,No
37402,No
37406,No
37407,No
37410,Yes
37413,No
37414,No
37416,No
37419,No
37423,No
37424,No
37428,No
37429,No
37430,No
37433,No
37435,No
37436,No
37438,No
37440,Yes
37441,No
37448,No
37452,No
37453,No
37456,No
37471,No
37474,No
37476,No
37477,No
37480,No
37482,No
37484,No
37498,No
37500,No
37501,No
37503,No
37511,Yes
37516,No
37522,No
37523,No
37525,No
37527,No
37529,No
37530,No
37531,No
37540,No
37541,No
37545,No
37557,No
37563,No
37567,No
37568,No
37571,No
37574,Yes
37575,No
37576,No
37579,No
37586,No
37588,No
37592,No
37597,No
37600,No
37607,No
37610,No
37612,No
37616,No
37617,No
37621,No
37625,No
37626,No
37629,No
37630,No
37632,No
37642,No
37648,No
37656,No
37662,No
37665,No
37667,Yes
37668,Yes
37672,No
37675,No
37677,No
37679,No
37683,No
37686,No
37687,Yes
37690,Yes
37691,No
37695,No
37698,No
37699,No
37701,No
37703,No
37704,No
37708,No
37709,No
37712,No
37714,Yes
37716,No
37721,No
37725,No
37726,No
37727,No
37731,No
37732,No
37737,No
37740,No
37741,No
37742,No
37751,Yes
37755,No
37756,Yes
37759,No
37760,No
37764,No
37765,No
37766,No
37773,No
37776,No
37779,No
37780,Yes
37787,No
37797,No
37798,No
37802,No
37803,No
37808,No
37809,No
37811,Yes
37816,No
37822,No
37828,No
37829,No
37831,No
37832,No
37833,No
37835,No
37837,No
37843,No
37844,No
37845,No
37848,No
37851,No
37853,No
37854,No
37857,No
37860,No
37864,No
37871,No
37872,No
37876,Yes
37881,No
37883,No
37895,No
37898,No
37902,No
37905,No
37907,No
37908,No
37912,No
37913,No
37916,No
37919,Yes
37930,No
37932,No
37936,No
37939,No
37941,No
37943,No
37951,No
37954,No
37958,No
37973,No
37975,No
37976,No
37977,No
37978,No
37982,No
37986,No
37987,No
37989,No
37994,No
37996,No
38001,No
38006,Yes
38009,No
38010,No
38013,No
38015,No
38017,No
38018,No
38022,No
38033,No
38034,No
38038,No
38043,No
38044,No
38049,No
38056,No
38064,No
38067,No
38069,No
38078,No
38079,No
38084,No
38085,No
38086,No
38087,No
38090,No
38092,No
38093,No
38094,No
38095,No
38100,No
38104,No
38116,Yes
38122,No
38124,No
38125,No
38126,No
38130,No
38136,No
38137,No
38139,No
38144,No
38145,No
38149,No
38152,Yes
38153,No
38154,No
38155,Yes
38159,No
38161,No
38162,No
38164,No
38166,Yes
38171,No
38172,No
38173,No
38174,No
38180,Yes
38182,No
38186,No
38187,No
38188,No
38193,No
38194,No
38195,No
38197,No
38198,No
38199,No
38203,No
38206,No
38210,No
38211,No
38214,No
38217,No
38219,No
38220,No
38222,No
38224,No
38225,No
38230,No
38234,No
38235,No
38236,No
38245,No
38246,No
38247,No
38250,No
38251,No
38253,No
38259,No
38261,No
38262,Yes
38263,No
38265,No
38266,No
38268,No
38271,Yes
38272,No
38274,No
38275,No
38276,No
38282,No
38284,No
38287,No
38293,No
38300,Yes
38302,No
38307,No
38321,No
38322,No
38327,No
38328,No
38333,No
38334,No
38335,No
38343,No
38350,No
38356,No
38358,No
38359,No
38371,No
38373,No
38375,No
38379,Yes
38384,No
38387,No
38392,Yes
38393,No
38394,Yes
38395,No
38396,No
38398,No
38400,No
38402,No
38405,No
38409,Yes
38410,No
38416,No
38419,No
38424,No
38426,No
38429,No
38430,No
38431,No
38433,No
38436,No
38437,No
38439,No
38441,No
38442,No
38446,No
38453,No
38461,No
38469,No
38472,No
38476,No
38477,Yes
38478,No
38479,No
38481,No
38483,Yes
38488,No
38490,No
38491,Yes
38497,Yes
38498,No
38504,No
38506,No
38507,No
38513,No
38515,No
38519,No
38523,No
38526,No
38531,No
38533,No
38536,No
38537,No
38538,No
38540,No
38555,No
38556,Yes
38557,No
38562,No
38563,No
38564,No
38568,No
38572,No
38575,No
38579,No
38581,No
38582,No
38586,No
38587,No
38590,No
38593,No
38596,No
38605,No
38613,No
38614,No
38617,No
38630,No
38631,No
38634,No
38635,No
38636,No
38642,No
38643,No
38644,No
38645,No
38652,No
38653,Yes
38654,No
38657,No
38661,No
38663,No
38666,No
38667,No
38668,Yes
38669,No
38671,No
38673,No
38674,No
38676,No
38679,No
38680,No
38682,No
38683,No
38686,No
38688,No
38690,Yes
38695,No
38699,No
38700,No
38703,No
38706,No
38709,No
38710,No
38718,No
38720,No
38721,No
38723,No
38725,Yes
38728,Yes
38731,No
38739,No
38740,No
38744,No
38746,No
38747,No
38750,No
38755,No
38759,Yes
38781,No
38784,No
38788,No
38790,No
38791,No
38797,No
38802,No
38803,No
38813,No
38814,Yes
38819,No
38824,No
38825,No
38828,No
38837,No
38838,No
38839,No
38845,No
38846,No
38847,No
38848,No
38850,No
38851,No
38855,Yes
38856,No
38860,No
38861,No
38863,No
38865,No
38867,No
38871,No
38873,No
38874,No
38879,No
38885,No
38886,No
38897,No
38898,No
38905,No
38913,No
38916,No
38919,No
38923,No
38926,Yes
38929,No
38937,No
38943,No
38946,No
38952,No
38968,Yes
38974,No
38976,No
38979,No
38980,No
38989,No
38990,No
38992,No
38995,No
38999,No
39004,No
39005,No
39007,No
39019,No
39021,No
39023,No
39030,No
39031,No
39043,No
39050,Yes
39051,No
39058,No
39076,No
39079,Yes
39080,No
39090,No
39091,No
39095,No
39107,Yes
39110,No
39111,No
39115,No
39117,No
39118,No
39123,No
39127,No
39129,No
39131,No
39132,No
39136,Yes
39141,No
39151,No
39157,No
39160,No
39164,No
39167,No
39173,No
39176,No
39178,No
39182,No
39188,No
39192,No
39207,No
39212,Yes
39216,No
39218,No
39220,No
39221,No
39222,No
39224,No
39230,No
39234,No
39235,No
39236,No
39239,No
39242,No
39244,No
39248,No
39255,No
39256,No
39262,No
39263,No
39268,No
39269,No
39270,No
39281,No
39293,No
39299,No
39307,No
39311,No
39314,No
39316,No
39320,No
39331,No
39340,Yes
39341,No
39351,Yes
39355,No
39360,Yes
39363,No
39364,Yes
39365,Yes
39369,Yes
39376,No
39380,No
39384,No
39388,No
39389,No
39390,Yes
39399,No
39400,Yes
39401,No
39406,Yes
39408,No
39409,No
39412,Yes
39414,No
39417,Yes
39418,No
39424,Yes
39425,No
39437,No
39439,Yes
39441,No
39451,No
39455,Yes
39464,Yes
39471,Yes
39475,Yes
39480,No
39482,No
39487,Yes
39490,No
39495,No
39498,No
39501,No
39502,No
39504,No
39509,No
39512,Yes
39514,No
39516,Yes
39517,Yes
39525,Yes
39526,No
39527,Yes
39528,No
39529,No
39532,No
39534,No
39535,Yes
39536,No
39537,No
39541,No
39545,No
39553,No
39559,No
39566,No
39569,No
39575,No
39577,Yes
39578,No
39579,No
39587,No
39590,No
39594,No
39595,No
39596,No
39598,No
39599,No
39600,No
39606,No
39613,No
39618,No
39623,No
39625,No
39627,No
39640,No
39643,No
39646,No
39647,Yes
39649,No
39662,Yes
39663,Yes
39677,Yes
39679,No
39684,No
39686,Yes
39689,Yes
39698,No
39705,No
39710,No
39714,Yes
39715,No
39719,No
39722,No
39723,No
39724,Yes
39732,No
39734,No
39735,No
39741,Yes
39752,Yes
39760,No
39762,Yes
39767,No
39770,No
39771,No
39775,Yes
39781,No
39785,No
39789,No
39793,Yes
39794,No
39795,No
39796,No
39798,No
39800,No
39801,No
39809,No
39811,Yes
39812,No
39814,No
39836,No
39840,Yes
39845,No
39850,No
39853,No
39855,No
39856,Yes
39860,No
39864,No
39867,Yes
39869,No
39875,Yes
39878,No
39882,No
39883,No
39889,Yes
39890,No
39895,Yes
39896,Yes
39905,Yes
39913,Yes
39915,No
39916,No
39917,No
39918,No
39924,No
39925,Yes
39935,No
39939,Yes
39945,No
39946,No
39948,No
39951,Yes
39953,Yes
39955,Yes
39968,Yes
39969,No
39985,No
39986,Yes
39990,Yes
39991,No
39993,No
39999,No
40001,No
40002,No
40006,No
40008,No
40009,No
40012,Yes
40014,No
40018,Yes
40023,Yes
40025,Yes
40028,No
40033,Yes
40041,No
40042,No
40053,Yes
40055,Yes
40058,No
40059,No
40062,No
40070,Yes
40075,No
40076,Yes
40079,Yes
40082,Yes
40083,Yes
40084,Yes
40085,Yes
40089,No
40093,Yes
40097,Yes
40103,Yes
40106,No
40107,No
40108,Yes
40119,Yes
40124,Yes
40128,Yes
40137,No
40139,Yes
40147,No
40148,No
40158,No
40163,Yes
40165,No
40167,No
40182,Yes
40183,Yes
40197,No
40199,Yes
40201,No
40210,No
40212,Yes
40216,No
40218,Yes
40220,Yes
40223,No
40226,Yes
40230,No
40233,Yes
40234,No
40235,No
40251,No
40261,No
40264,Yes
40279,Yes
40282,Yes
40284,No
40286,No
40313,No
40321,No
40330,Yes
40332,No
40343,No
40345,Yes
40348,No
40349,Yes
40357,No
40358,No
40362,No
40363,Yes
40366,Yes
40368,No
40369,No
40371,No
40373,Yes
40376,No
40377,No
40385,No
40398,No
40401,Yes
40415,No
40416,No
40417,Yes
40421,Yes
40425,No
40427,No
40433,No
40434,Yes
40438,Yes
40439,Yes
40446,Yes
40448,No
40454,No
40469,No
40474,No
40483,No
40487,No
40490,Yes
40491,No
40492,No
40495,Yes
40505,No
40506,Yes
40520,No
40521,Yes
40522,Yes
40529,No
40530,No
40533,No
40540,No
40554,No
40572,No
40573,No
40579,No
40590,Yes
40591,No
40592,No
40593,No
40599,No
40606,No
40607,No
40609,Yes
40614,No
40618,Yes
40623,No
40624,Yes
40625,Yes
40626,No
40628,No
40630,Yes
40631,Yes
40633,No
40634,Yes
40637,No
40642,Yes
40646,No
40648,Yes
40650,Yes
40651,Yes
40652,No
40656,Yes
40662,No
40665,No
40666,No
40670,Yes
40672,Yes
40677,No
40690,Yes
40691,No
40694,No
40695,No
40701,Yes
40706,Yes
40709,No
40711,No
40717,No
40718,Yes
40722,No
40723,Yes
40724,Yes
40727,No
40730,No
40733,Yes
40734,Yes
40743,No
40745,No
40751,No
40752,Yes
40753,No
40754,No
40755,No
40757,Yes
40758,No
40760,No
40761,Yes
40762,No
40764,No
40765,No
40767,No
40768,No
40769,No
40770,No
40775,No
40776,No
40777,Yes
40778,No
40779,Yes
40783,No
40786,No
40788,No
40789,No
40793,Yes
40795,No
40796,No
40800,Yes
40802,No
40804,No
40806,No
40808,Yes
40811,No
40813,Yes
40814,No
40815,Yes
40818,No
40824,Yes
40825,Yes
40827,No
40829,Yes
40830,No
40831,No
40832,No
40833,Yes
40834,No
40835,Yes
40839,No
40841,No
40847,No
40854,Yes
40856,No
40857,Yes
40861,Yes
40862,Yes
40866,No
40867,No
40869,Yes
40870,No
40871,No
40875,No
40878,Yes
40879,Yes
40882,No
40885,No
40886,Yes
40888,No
40890,No
40892,No
40893,Yes
40895,No
40897,No
40902,Yes
40907,No
40908,Yes
40914,No
40916,No
40917,Yes
40918,No
40919,No
40923,No
40925,Yes
40926,No
40928,No
40929,No
40935,No
40938,No
40939,No
40941,No
40949,No
40950,No
40951,No
40952,Yes
40959,No
40960,No
40962,No
40964,Yes
40967,No
40969,Yes
40973,No
40974,No
40977,No
40984,Yes
40987,Yes
40992,No
40994,No
40995,No
40996,No
41000,Yes
41002,No
41003,No
41004,No
41005,No
41008,No
41010,No
41015,No
41016,Yes
41018,No
41019,No
41020,Yes
41025,No
41026,No
41027,No
41032,Yes
41033,No
41034,No
41040,No
41041,No
41043,No
41044,No
41045,No
41048,Yes
41049,No
41050,No
41052,Yes
41055,No
41059,No
41060,No
41064,No
41080,Yes
41081,No
41082,Yes
41084,No
41086,No
41091,No
41092,No
41093,No
41094,No
41095,Yes
41109,No
41113,No
41115,Yes
41119,No
41121,Yes
41122,Yes
41126,No
41130,No
41132,No
41133,No
41134,Yes
41135,Yes
41140,No
41143,Yes
41147,Yes
41149,Yes
41151,No
41157,No
41159,Yes
41160,No
41164,Yes
41174,Yes
41175,No
41181,No
41186,Yes
41189,Yes
41192,No
41196,No
41204,Yes
41208,Yes
41211,Yes
41212,No
41214,No
41217,Yes
41219,No
41223,No
41224,No
41228,Yes
41229,No
41231,Yes
41233,No
41234,Yes
41235,No
41240,Yes
41241,Yes
41242,No
41245,Yes
41247,No
41253,No
41254,No
41259,No
41260,No
41263,Yes
41264,Yes
41266,No
41272,No
41278,Yes
41279,Yes
41280,No
41281,No
41284,No
41285,No
41288,No
41297,Yes
41298,No
41299,No
41307,Yes
41314,Yes
41315,Yes
41317,No
41319,No
41321,No
41322,No
41323,No
41326,No
41327,No
41328,No
41330,No
41337,No
41338,Yes
41344,Yes
41345,Yes
41347,No
41348,No
41349,No
41350,No
41351,No
41353,Yes
41354,Yes
41358,No
41360,Yes
41362,No
41363,Yes
41366,No
41368,Yes
41377,Yes
41382,Yes
41392,Yes
41394,No
41395,Yes
41400,No
41401,No
41403,No
41404,Yes
41405,Yes
41407,Yes
41408,No
41409,No
41410,Yes
41412,No
41414,No
41415,No
41416,Yes
41425,Yes
41426,No
41428,Yes
41437,Yes
41438,Yes
41445,No
41450,No
41452,Yes
41453,Yes
41462,No
41463,No
41465,Yes
41466,No
41472,Yes
41473,Yes
41475,Yes
41480,No
41482,Yes
41483,No
41486,Yes
41489,Yes
41492,Yes
41494,Yes
41495,No
41498,Yes
41499,Yes
41501,No
41506,Yes
41507,No
41510,Yes
41512,Yes
41513,No
41518,Yes
41521,No
41528,Yes
41529,Yes
41532,Yes
41540,No
41545,No
41550,Yes
41553,No
41555,Yes
41571,Yes
41573,Yes
41574,Yes
41576,Yes
41577,Yes
41578,Yes
41580,No
41582,Yes
41583,Yes
41584,No
41585,Yes
41586,No
41587,No
41588,Yes
41589,Yes
41591,Yes
41592,No
41597,No
41602,No
41604,No
41606,Yes
41609,No
41610,Yes
41611,Yes
41612,No
41613,Yes
41614,Yes
41617,Yes
41620,No
41622,No
41631,No
41636,No
41637,No
41641,Yes
41642,No
41644,Yes
41645,No
41648,Yes
41652,No
41653,No
41655,Yes
41656,No
41658,Yes
41659,No
41664,No
41665,No
41667,No
41668,No
41672,No
41677,No
41678,Yes
41682,Yes
41683,Yes
41687,No
41688,No
41691,No
41692,No
41694,No
41697,No
41709,Yes
41711,Yes
41712,No
41714,Yes
41715,No
41717,No
41718,No
41729,No
41735,No
41737,Yes
41740,Yes
41742,Yes
41743,Yes
41747,Yes
41748,No
41750,Yes
41754,No
41756,No
41761,No
41763,No
41765,No
41769,No
41773,Yes
41774,No
41781,Yes
41782,Yes
41785,No
41786,Yes
41788,Yes
41793,Yes
41794,No
41795,Yes
41797,No
41799,No
41800,No
41812,Yes
41813,No
41824,No
41825,No
41828,Yes
41830,No
41831,Yes
41834,Yes
41836,Yes
41838,Yes
41840,Yes
41841,Yes
41842,Yes
41844,Yes
41848,Yes
41851,No
41852,No
41854,No
41857,No
41860,Yes
41862,Yes
41864,No
41870,No
41885,Yes
41889,No
41893,No
41896,No
41897,No
41898,No
41899,Yes
41900,Yes
41905,No
41906,Yes
41907,Yes
41911,Yes
41912,Yes
41913,Yes
41914,Yes
41915,No
41917,Yes
41920,Yes
41921,Yes
41925,Yes
41931,Yes
41936,Yes
41937,Yes
41938,Yes
41939,Yes
41940,No
41942,Yes
41945,Yes
41947,Yes
41950,No
41951,Yes
41953,Yes
41954,Yes
41955,Yes
41959,Yes
41960,No
41961,Yes
41962,Yes
41965,Yes
41967,Yes
41970,No
41972,No
41973,No
41975,No
41976,No
41979,Yes
41983,No
41986,No
41988,No
41990,Yes
41991,Yes
41992,Yes
42000,No
42004,No
42006,Yes
42010,No
42011,No
42018,No
42019,No
42028,No
42033,Yes
42034,Yes
42047,No
42049,Yes
42053,Yes
42059,Yes
42063,No
42064,Yes
42066,No
42067,Yes
42069,No
42076,No
42086,Yes
42088,Yes
42094,No
42095,No
42097,No
42101,No
42102,No
42108,No
42109,Yes
42111,Yes
42113,No
42114,No
42120,No
42121,Yes
42124,No
42126,Yes
42129,Yes
42131,No
42133,Yes
42139,No
42142,Yes
42143,No
42145,No
42149,No
42151,No
42153,Yes
42154,No
42157,No
42166,No
42168,Yes
42169,Yes
42170,No
42172,Yes
42174,Yes
42175,Yes
42177,Yes
42178,Yes
42179,No
42180,Yes
42183,No
42184,Yes
42185,No
42186,Yes
42189,Yes
42190,Yes
42191,Yes
42192,Yes
42194,Yes
42195,Yes
42196,Yes
42197,Yes
42199,Yes
42201,Yes
42202,No
42204,Yes
42206,No
42211,No
42212,No
42213,Yes
42214,Yes
42218,No
42219,Yes
42220,Yes
42221,Yes
42224,Yes
42225,Yes
42227,Yes
42228,Yes
42229,Yes
42230,Yes
42231,No
42232,Yes
42234,Yes
42236,No
42240,Yes
42241,Yes
42242,Yes
42245,Yes
42246,Yes
42247,No
42249,Yes
42254,Yes
42256,Yes
42257,Yes
42259,Yes
42261,No
42264,Yes
42265,Yes
42267,Yes
42268,Yes
42269,No
42270,Yes
42273,No
42274,Yes
42275,Yes
42276,No
42277,Yes
42278,Yes
42280,Yes
42282,Yes
42283,Yes
42284,No
42286,Yes
42287,Yes
42288,No
42289,No
42290,Yes
42292,Yes
42294,Yes
42296,Yes
42297,No
42298,No
42300,No
42301,No
42306,No
42307,No
42308,No
42310,No
42312,Yes
42313,No
42314,Yes
42316,No
42319,Yes
42322,Yes
42325,Yes
42329,Yes
42330,No
42332,Yes
42338,Yes
42347,Yes
42348,Yes
42350,Yes
42351,No
42352,No
42359,No
42362,Yes
42363,Yes
42364,Yes
42366,Yes
42367,Yes
42370,Yes
42373,No
42374,No
42377,No
42378,Yes
42379,No
42383,No
42386,Yes
42388,No
42389,No
42393,Yes
42395,Yes
42397,Yes
42398,Yes
42399,Yes
42405,No
42406,Yes
42407,Yes
42411,Yes
42412,No
42413,Yes
42418,Yes
42420,No
42423,No
42426,No
42427,No
42428,No
42434,No
42438,Yes
42443,No
42448,No
42449,Yes
42450,Yes
42455,No
42456,Yes
42462,Yes
42464,No
42466,Yes
42475,No
42477,Yes
42479,No
42480,No
42484,No
42485,Yes
42486,No
42487,No
42491,Yes
42492,No
42495,Yes
42498,No
42499,Yes
42501,No
42503,Yes
42505,No
42506,No
42508,No
42512,Yes
42514,No
42516,Yes
42517,No
42519,Yes
42520,No
42521,Yes
42525,No
42527,No
42528,No
42529,Yes
42530,No
42531,No
42532,Yes
42533,Yes
42534,Yes
42536,No
42537,No
42538,Yes
42539,No
42542,Yes
42545,Yes
42547,Yes
42551,No
42552,No
42554,Yes
42555,No
42556,No
42561,No
42564,Yes
42565,Yes
42566,Yes
42570,No
42571,Yes
42576,Yes
42577,No
42578,Yes
42579,Yes
42581,Yes
42583,No
42585,Yes
42586,No
42589,No
42597,No
42599,No
42602,Yes
42603,Yes
42604,Yes
42606,No
42607,Yes
42608,No
42612,Yes
42615,No
42617,No
42624,Yes
42625,No
42633,Yes
42634,Yes
42639,Yes
42640,No
42642,No
42643,Yes
42648,No
42654,No
42656,Yes
42658,Yes
42659,No
42661,Yes
42667,No
42669,Yes
42673,Yes
42677,Yes
42681,No
42689,No
42691,No
42692,No
42693,Yes
42696,Yes
42697,Yes
42699,Yes
42700,No
42701,Yes
42702,No
42703,Yes
42705,No
42707,No
42709,No
42710,Yes
42711,No
42712,No
42713,No
42714,No
42715,No
42716,Yes
42717,No
42718,Yes
42720,No
42723,Yes
42724,Yes
42725,No
42729,No
42730,Yes
42733,Yes
42737,Yes
42741,No
42742,No
42744,Yes
42745,Yes
42752,No
42753,No
42755,Yes
42761,No
42763,Yes
42764,No
42767,Yes
42768,No
42769,No
42776,No
42779,Yes
42781,No
42782,Yes
42783,Yes
42784,Yes
42785,Yes
42787,Yes
42791,Yes
42793,No
42795,No
42802,Yes
42805,No
42806,Yes
42807,No
42808,No
42809,No
42810,Yes
42818,No
42819,No
42822,No
42824,No
42826,No
42827,No
42828,No
42829,No
42831,No
42836,No
42838,No
42839,No
42840,Yes
42842,No
42846,Yes
42848,Yes
42849,Yes
42851,Yes
42853,Yes
42856,Yes
42860,Yes
42861,Yes
42864,Yes
42865,No
42866,Yes
42868,No
42869,No
42871,Yes
42872,Yes
42873,Yes
42878,No
42879,No
42880,Yes
42882,Yes
42887,No
42888,No
42889,Yes
42890,No
42891,Yes
42892,No
42893,Yes
42894,No
42895,Yes
42896,No
42898,No
42900,No
42901,No
42902,No
42903,No
42905,No
42906,No
42907,No
42909,Yes
42911,No
42913,No
42915,Yes
42920,No
42926,No
42927,Yes
42929,No
42931,Yes
42932,No
42933,Yes
42934,No
42936,Yes
42938,Yes
42941,Yes
42943,No
42945,No
42947,Yes
42949,No
42951,Yes
42953,Yes
42955,Yes
42956,Yes
42957,No
42958,Yes
42959,Yes
42960,No
42961,Yes
42962,Yes
42963,Yes
42964,Yes
42965,Yes
42966,Yes
42970,Yes
42971,No
42973,No
42974,Yes
42975,Yes
42976,No
42977,Yes
42978,Yes
42979,Yes
42980,Yes
42982,Yes
42983,Yes
42984,No
42985,Yes
42987,Yes
42988,Yes
42989,Yes
42991,No
42993,Yes
42995,Yes
42996,No
42997,Yes
42998,Yes
42999,Yes
43000,Yes
43001,Yes
43003,No
43005,Yes
43006,Yes
43007,Yes
43009,Yes
43011,Yes
43013,Yes
43014,No
43015,Yes
43016,Yes
43018,No
43019,Yes
43022,No
43024,Yes
43025,Yes
43026,Yes
43028,Yes
43029,No
43030,Yes
43032,Yes
43033,Yes
43034,Yes
43035,Yes
43038,Yes
43039,Yes
43040,Yes
43041,Yes
43042,Yes
43043,No
43044,Yes
43045,No
43047,Yes
43048,Yes
43052,No
43053,Yes
43054,Yes
43057,No
43058,Yes
43059,Yes
43060,No
43061,No
43062,No
43063,No
43064,Yes
43066,Yes
43067,Yes
43069,No
43070,Yes
43073,Yes
43074,Yes
43076,Yes
43077,Yes
43078,No
43082,Yes
43085,No
43087,No
43088,Yes
43091,No
43092,Yes
43093,No
43095,No
43097,No
43103,Yes
43104,Yes
43105,Yes
43108,No
43109,Yes
43110,Yes
43111,Yes
43114,No
43115,Yes
43119,No
43120,No
43122,Yes
43123,Yes
43126,Yes
43128,Yes
43133,No
43135,No
43136,No
43139,Yes
43142,No
43145,No
43147,Yes
43148,Yes
43149,Yes
43150,Yes
43152,No
43153,No
43157,Yes
43158,Yes
43159,Yes
43160,Yes
43164,Yes
43165,No
43168,No
43170,No
43171,No
43174,Yes
43175,Yes
43176,Yes
43180,No
43183,Yes
43186,Yes
43187,Yes
43192,Yes
43193,Yes
43196,Yes
43197,Yes
43198,Yes
43202,No
43206,Yes
43207,Yes
43208,No
43211,Yes
43213,Yes
43214,No
43215,No
43216,Yes
43217,No
43220,Yes
43221,Yes
43222,No
43224,No
43226,Yes
43230,No
43232,Yes
43233,Yes
43237,No
43240,Yes
43244,Yes
43247,Yes
43249,Yes
43251,Yes
43252,Yes
43254,Yes
43255,Yes
43256,Yes
43261,Yes
43262,Yes
43264,No
43267,No
43269,Yes
43270,No
43271,No
43273,No
43275,No
43276,No
43277,No
43279,No
43280,No
43281,Yes
43282,Yes
43284,Yes
43285,Yes
43286,No
43287,No
43291,Yes
43292,No
43294,Yes
43295,No
43301,Yes
43303,No
43305,Yes
43308,No
43310,Yes
43312,No
43313,Yes
43316,Yes
43317,No
43318,No
43320,No
43323,Yes
43324,No
43330,Yes
43336,Yes
43337,Yes
43339,Yes
43340,No
43342,No
43343,Yes
43344,No
43345,Yes
43347,Yes
43349,Yes
43351,No
43352,Yes
43356,Yes
43361,Yes
43366,No
43367,No
43368,No
43370,Yes
43371,No
43372,No
43373,No
43376,Yes
43377,No
43378,No
43379,Yes
43382,No
43386,Yes
43387,Yes
43388,No
43390,Yes
43391,No
43392,Yes
43393,Yes
43395,No
43400,Yes
43404,Yes
43406,No
43409,Yes
43410,No
43413,No
43414,No
43419,No
43420,Yes
43421,Yes
43422,Yes
43423,No
43424,Yes
43426,No
43427,Yes
43428,No
43436,No
43437,No
43438,No
43440,No
43441,No
43442,Yes
43445,No
43446,No
43449,No
43457,No
43458,Yes
43459,Yes
43461,No
43462,Yes
43463,Yes
43464,Yes
43465,Yes
43466,Yes
43467,Yes
43471,Yes
43473,Yes
43474,No
43475,Yes
43476,No
43477,Yes
43479,Yes
43480,Yes
43482,Yes
43485,No
43487,Yes
43494,No
43497,No
43498,Yes
43500,No
43503,Yes
43504,Yes
43506,Yes
43507,Yes
43508,No
43509,Yes
43513,Yes
43518,Yes
43522,No
43524,Yes
43525,No
43526,Yes
43530,Yes
43532,Yes
43536,Yes
43538,Yes
43541,No
43542,Yes
43544,Yes
43545,No
43547,Yes
43548,No
43549,Yes
43551,No
43553,No
43556,Yes
43558,No
43567,No
43570,Yes
43571,No
43572,Yes
43573,Yes
43579,Yes
43583,Yes
43584,No
43586,No
43593,Yes
43594,Yes
43595,No
43596,Yes
43599,Yes
43602,Yes
43605,Yes
43606,No
43607,Yes
43608,No
43609,Yes
43611,No
43612,No
43613,Yes
43614,Yes
43615,Yes
43616,No
43618,Yes
43620,Yes
43623,No
43626,Yes
43627,No
43628,No
43629,Yes
43631,Yes
43632,No
43636,No
43638,No
43639,No
43640,Yes
43642,Yes
43643,No
43644,No
43645,No
43646,No
43647,Yes
43649,Yes
43650,No
43652,Yes
43654,No
43655,Yes
43656,No
43658,Yes
43661,No
43663,Yes
43665,No
43667,No
43668,No
43669,No
43671,Yes
43672,Yes
43673,Yes
43674,Yes
43675,Yes
43676,No
43677,Yes
43678,Yes
43679,Yes
43680,Yes
43681,No
43682,Yes
43684,Yes
43685,Yes
43686,Yes
43687,No
43688,No
43691,Yes
43692,No
43695,No
43696,Yes
43697,Yes
43698,Yes
43699,Yes
43700,Yes
43701,Yes
43703,Yes
43705,Yes
43707,Yes
43710,Yes
43711,Yes
43714,Yes
43716,Yes
43717,No
43718,No
43719,Yes
43720,Yes
43721,Yes
43722,Yes
43726,Yes
43728,No
43731,Yes
43734,Yes
43737,Yes
43738,No
43742,Yes
43743,No
43747,Yes
43748,Yes
43750,Yes
43752,Yes
43754,No
43759,No
43761,Yes
43763,No
43764,Yes
43765,Yes
43766,No
43767,Yes
43768,No
43769,No
43772,Yes
43773,Yes
43775,No
43776,No
43777,Yes
43778,Yes
43780,Yes
43783,Yes
43784,Yes
43788,Yes
43791,Yes
43792,Yes
43793,No
43795,No
43799,Yes
43801,Yes
43803,Yes
43807,Yes
43811,Yes
43819,Yes
43820,Yes
43821,No
43823,No
43824,No
43825,Yes
43832,No
43833,No
43837,No
43841,Yes
43842,Yes
43843,Yes
43844,No
43846,Yes
43847,No
43848,No
43852,Yes
43854,No
43858,No
43859,Yes
43860,Yes
43861,Yes
43862,Yes
43863,No
43868,Yes
43869,No
43870,No
43871,No
43876,No
43878,Yes
43879,Yes
43883,No
43887,No
43889,Yes
43890,Yes
43892,Yes
43893,Yes
43896,No
43897,Yes
43898,Yes
43903,No
43906,Yes
43908,No
43912,Yes
43915,Yes
43916,Yes
43920,No
43924,Yes
43926,Yes
43927,No
43928,No
43929,Yes
43930,No
43932,No
43934,Yes
43937,Yes
43938,Yes
43947,Yes
43949,Yes
43951,Yes
43952,No
43954,Yes
43960,No
43961,Yes
43962,Yes
43964,No
43965,Yes
43966,Yes
43968,Yes
43972,Yes
43973,Yes
43977,No
43979,No
43980,No
43988,Yes
43989,Yes
43990,Yes
43991,No
43993,No
44002,No
44004,Yes
44009,Yes
44011,Yes
44012,No
44020,Yes
44022,No
44023,Yes
44024,Yes
44025,No
44026,Yes
44027,No
44028,No
44029,Yes
44030,Yes
44036,No
44039,Yes
44041,Yes
44043,Yes
44046,Yes
44049,Yes
44051,No
44052,No
44053,No
44055,No
44056,Yes
44057,Yes
44058,No
44060,No
44061,Yes
44062,No
44064,No
44066,No
44071,No
44072,Yes
44076,No
44079,Yes
44082,Yes
44084,No
44087,Yes
44089,Yes
44091,No
44092,Yes
44093,Yes
44094,Yes
44096,No
44097,Yes
44098,Yes
44099,Yes
44100,No
44102,Yes
44103,Yes
44104,No
44111,No
44114,Yes
44117,No
44127,No
44128,No
44130,No
44131,No
44133,Yes
44137,No
44138,Yes
44140,Yes
44141,Yes
44144,Yes
44145,No
44147,No
44148,Yes
44149,Yes
44150,Yes
44151,Yes
44154,No
44156,No
44157,Yes
44158,Yes
44160,Yes
44162,Yes
44163,Yes
44167,Yes
44173,Yes
44174,No
44179,Yes
44183,Yes
44184,No
44185,Yes
44186,Yes
44187,Yes
44189,Yes
44190,No
44191,No
44193,Yes
44194,Yes
44195,No
44197,Yes
44200,No
44201,Yes
44202,No
44203,No
44204,Yes
44205,Yes
44207,Yes
44209,No
44214,Yes
44215,Yes
44216,No
44218,No
44221,No
44225,Yes
44227,No
44230,Yes
44234,No
44235,No
44236,Yes
44239,Yes
44243,No
44244,No
44246,No
44250,Yes
44252,Yes
44254,Yes
44256,Yes
44259,No
44263,No
44264,No
44265,Yes
44270,No
44271,No
44273,Yes
44274,Yes
44278,No
44279,Yes
44280,No
44281,Yes
44286,No
44287,Yes
44290,No
44291,No
44293,No
44294,No
44295,Yes
44297,Yes
44299,Yes
44304,No
44305,No
44306,Yes
44307,Yes
44308,No
44312,Yes
44313,Yes
44315,Yes
44316,Yes
44319,No
44321,Yes
44322,No
44323,Yes
44325,No
44329,Yes
44330,Yes
44332,Yes
44334,Yes
44336,Yes
44339,Yes
44340,Yes
44344,No
44345,No
44346,Yes
44347,Yes
44349,Yes
44350,Yes
44352,Yes
44353,No
44360,No
44368,Yes
44371,No
44375,Yes
44376,Yes
44377,No
44382,Yes
44383,No
44385,Yes
44388,No
44389,Yes
44390,Yes
44391,Yes
44392,Yes
44393,No
44396,Yes
44397,Yes
44398,Yes
44401,Yes
44402,No
44403,Yes
44404,Yes
44406,Yes
44408,Yes
44409,Yes
44411,Yes
44412,Yes
44413,No
44414,Yes
44415,No
44416,Yes
44418,Yes
44421,No
44422,Yes
44424,Yes
44425,Yes
44426,Yes
44428,Yes
44429,Yes
44432,Yes
44433,No
44435,Yes
44436,Yes
44437,Yes
44439,Yes
44440,No
44441,Yes
44444,Yes
44446,No
44447,Yes
44450,Yes
44454,Yes
44457,Yes
44460,Yes
44462,Yes
44463,Yes
44464,Yes
44465,Yes
44466,No
44467,No
44469,Yes
44475,No
44478,No
44479,No
44480,No
44481,No
44482,No
44484,No
44487,Yes
44496,Yes
44497,Yes
44498,Yes
44499,Yes
44501,Yes
44503,Yes
44504,No
44506,Yes
44508,Yes
44510,Yes
44511,Yes
44512,No
44515,Yes
44517,Yes
44518,Yes
44519,Yes
44520,Yes
44521,Yes
44522,Yes
44524,Yes
44525,No
44526,Yes
44527,Yes
44528,No
44529,Yes
44530,Yes
44531,Yes
44532,Yes
44534,Yes
44535,No
44536,Yes
44540,Yes
44542,Yes
44546,No
44547,Yes
44549,Yes
44554,No
44555,Yes
44557,Yes
44558,No
44560,Yes
44562,No
44565,Yes
44568,No
44571,No
44572,Yes
44575,Yes
44581,No
44582,No
44583,Yes
44585,No
44599,No
44609,No
44611,No
44612,Yes
44613,Yes
44621,No
44622,Yes
44623,Yes
44625,No
44626,Yes
44629,Yes
44630,Yes
44633,No
44635,Yes
44639,No
44642,Yes
44643,Yes
44645,No
44646,No
44650,No
44654,Yes
44658,No
44659,No
44660,No
44664,Yes
44665,Yes
44670,Yes
44671,No
44673,Yes
44674,Yes
44676,No
44677,No
44678,No
44679,Yes
44680,No
44686,No
44689,Yes
44691,Yes
44694,Yes
44700,No
44703,Yes
44704,No
44705,No
44710,No
44711,No
44713,No
44716,No
44717,Yes
44718,No
44725,Yes
44726,Yes
44727,No
44728,No
44729,Yes
44730,No
44731,Yes
44732,No
44735,Yes
44738,Yes
44744,Yes
44745,Yes
44746,Yes
44748,Yes
44751,Yes
44754,Yes
44755,Yes
44756,Yes
44757,Yes
44758,No
44759,Yes
44760,Yes
44761,No
44763,Yes
44764,No
44769,Yes
44771,No
44772,Yes
44773,No
44777,No
44780,Yes
44781,Yes
44783,Yes
44784,Yes
44786,Yes
44788,Yes
44791,Yes
44793,Yes
44794,No
44795,Yes
44798,Yes
44800,Yes
44802,Yes
44806,No
44809,Yes
44810,Yes
44812,No
44815,Yes
44820,Yes
44827,Yes
44828,Yes
44829,Yes
44831,Yes
44832,No
44833,No
44837,No
44840,No
44843,Yes
44844,Yes
44846,Yes
44848,No
44849,No
44850,Yes
44851,Yes
44852,Yes
44854,No
44855,Yes
44858,Yes
44859,No
44861,No
44863,Yes
44864,No
44865,Yes
44866,No
44869,Yes
44872,No
44876,No
44879,Yes
44883,No
44884,Yes
44885,Yes
44886,No
44887,Yes
44891,Yes
44895,No
44897,No
44903,Yes
44904,Yes
44906,No
44908,No
44910,Yes
44912,Yes
44921,No
44924,No
44931,Yes
44935,Yes
44938,No
44946,No
44947,No
44949,No
44952,No
44957,No
44959,No
44960,Yes
44961,Yes
44965,No
44967,No
44969,No
44971,No
44972,Yes
44973,Yes
44974,No
44975,Yes
44976,No
44978,No
44979,Yes
44980,No
44982,No
44984,Yes
44987,No
44989,No
44990,Yes
44991,Yes
44993,No
44996,No
44997,No
44998,Yes
44999,No
45002,Yes
45003,Yes
45004,Yes
45005,Yes
45006,Yes
45007,No
45010,No
45011,Yes
45012,Yes
45014,No
45015,No
45017,Yes
45019,No
45023,No
45024,No
45025,No
45026,No
45028,Yes
45030,No
45031,Yes
45034,No
45035,Yes
45036,No
45037,Yes
45038,Yes
45039,Yes
45044,No
45047,No
45049,No
45050,No
45052,Yes
45057,Yes
45060,Yes
45063,No
45064,No
45065,No
45066,Yes
45067,Yes
45068,No
45069,Yes
45072,Yes
45073,Yes
45076,No
45078,Yes
45080,No
45081,Yes
45083,Yes
45084,Yes
45086,Yes
45090,Yes
45097,Yes
45099,Yes
45101,Yes
45102,Yes
45103,Yes
45104,No
45105,No
45106,Yes
45112,No
45113,Yes
45117,No
45119,Yes
45121,Yes
45123,No
45126,Yes
45128,No
45132,No
45133,Yes
45134,Yes
45136,No
45138,No
45140,Yes
45142,No
45143,No
45146,No
45149,Yes
45151,No
45152,No
45154,No
45155,Yes
45157,Yes
45159,No
45160,Yes
45162,Yes
45163,No
45166,Yes
45168,Yes
45169,No
45171,No
45172,No
45173,No
45174,Yes
45175,Yes
45177,Yes
45178,Yes
45179,No
45180,No
45181,No
45182,Yes
45183,No
45184,No
45185,Yes
45188,Yes
45189,No
45190,Yes
45191,Yes
45193,Yes
45194,No
45195,Yes
45201,Yes
45204,Yes
45208,Yes
